{
	"name" : "Gargantua",
	"starSystem" : "Gargantua",
	"Spawn" : 
	{
		"playerSpawnPoint" : 
		{"x": 70000, "y": 70000, "z": 70000},
		"shipSpawnPoint" :
		{"x": 70000, "y": 70000, "z": 70000},
		"startwithsuit" : true
	},
	"Base" : 
    {
        "surfaceSize" : 4000,
        "surfaceGravity" : 80,
		"gravityFallOff" : "inverseSquared",
	},
	"Orbit" :
	{
		"isStatic" : true
	},
	"Star" : 
	{
		"size": 1,
		"tint" :
		{
			"r" : 255,
			"g" : 170,
			"b" : 0,
			"a" : 255
		}
	},
	"singularity" : 
	{
		"size" : 4000,
		"targetStarSystem" : "SolarSystem",
		"type" : "BlackHole",
	},
	"Ring" : 
	{
		"innerRadius" : 50,
		"outerRadius" : 11000,
		"inclination" : 40,
		"texture" : "planets/Assets/infall.png",
	},
	"Signal" : 
    {
        "Signals" : 
        [
            {
				"Frequency" : "WarpCore",
				"Name" : "Gargantua",
				"audioFilePath" : "planets/Assets/radiation.wav",
				"SourceRadius" : 4000,
				"detectionRadius" : 30000,
				"identificationRadius" : 18000,
				"onlyAudibleToScope" : true
			}
        ]
    },
}