{
	"name" : "Manns Planet",
	"starSystem" : "Gargantua",
	"Base" :
	{
		"surfaceGravity" : 7,
		"surfaceSize" : 360,
		"groundSize" : 360,
		"hasMapMarker" : true,
		"hasAmbientLight" : true,
	},
	"Orbit" :
	{
		"semiMajorAxis" : 36000,
		"inclination" : -18,
		"primaryBody" : "Gargantua",
		"isMoon" : false,
		"longitudeOfAscendingNode" : 30,
		"eccentricity" : 0.6,
		"argumentOfPeriapsis" : 55,
		"trueAnomaly" : 145,
		"axialTilt" : 27,
		"siderealPeriod" : 58
	},
	"Atmosphere" :
	{
		"hasOxygen" : false,
		"hasAtmosphere" : true,
		"size" : 600,
		"cloud" : "planets/Assets/NicePng_frost-texture-png_1200066.png",
		"cloudTint" : 
		{
			"r" : 255,
			"g" : 255,
			"b" : 255,
			"a" : 255
		},
		"fogTint" : 
		{
			"r" : 90,
			"g" : 128,
			"b" : 128,
			"a" : 255
		},
		"fogDensity" : 0.2,
		"fogSize" : 650
	}
}