{
	"name" : "Millers Planet",
	"starSystem" : "Gargantua",
	"Base" :
	{
		"surfaceGravity" : 12,
		"surfaceSize" : 400,
		"groundSize" : 400,
		"hasMapMarker" : true,
		"hasAmbientLight" : true,
		"waterSize" : 412
	},
	"Orbit" :
	{
		"semiMajorAxis" : 14000,
		"inclination" : 15,
		"primaryBody" : "Gargantua",
		"isMoon" : false,
		"longitudeOfAscendingNode" : 30,
		"eccentricity" : 0.2,
		"argumentOfPeriapsis" : 25,
		"trueAnomaly" : 245,
		"axialTilt" : 30,
		"siderealPeriod" : 58
	},
	"Atmosphere" :
	{
		"hasOxygen" : true,
		"hasAtmosphere" : true,
		"size" : 600,
		"fogTint" : 
		{
			"r" : 90,
			"g" : 128,
			"b" : 128,
			"a" : 255
		},
		"fogDensity" : 0.2,
		"fogSize" : 650
	}
}