{
	"name" : "Pantagruel",
	"starSystem" : "Gargantua",
	"Base" : 
    {
        "surfaceSize" : 1500,
        "surfaceGravity" : 40,
		"gravityFallOff" : "inverseSquared",
	},
	"Orbit" :
	{
		"semiMajorAxis" : 98000,
		"inclination" : -27,
		"primaryBody" : "Gargantua",
		"isMoon" : false,
		"longitudeOfAscendingNode" : 24,
		"eccentricity" : 0.2,
		"argumentOfPeriapsis" : 34,
		"trueAnomaly" : 124,
		"axialTilt" : 5,
		"siderealPeriod" : 58
	},
	"Star" : 
	{
		"size": 1500,
		"tint" :
		{
			"r" : 255,
			"g" : 170,
			"b" : 0,
			"a" : 255
		}
	},
	"Signal" : 
    {
        "Signals" : 
        [
            {
				"Frequency" : "WarpCore",
				"Name" : "Gargantua",
				"audioFilePath" : "planets/Assets/radiation.wav",
				"SourceRadius" : 4000,
				"detectionRadius" : 30000,
				"identificationRadius" : 18000,
				"onlyAudibleToScope" : true
			}
        ]
    },
}